acquisition_channel,mean,count
Organic,0.39820359281437123,334
Referral,0.4217171717171717,396
Influencer,0.47619047619047616,231
Marketplace,0.49122807017543857,456
Instagram,0.4990328820116054,517
Google Search,0.5042918454935622,466
