loyalty_tier,mean,count
Gold,0.40752351097178685,319
None,0.4834054834054834,1386
Platinum,0.37142857142857144,105
Silver,0.488135593220339,590
